standard_rf,bagged_rf,bagged_tree,sequential
0.50578,0.501445,0.496628,0.51975
0.493505,0.490077,0.495487,0.523738
-0.696703,-0.697265,-0.696612,-0.692669
0.650811,0.652027,0.646396,0.633913
0.461303,0.443678,0.439847,0.558621
0.53991,0.528044,0.523484,0.59389
0.516976,0.513003,0.516133,0.522153
0.011195,0.011558,0.019505,0.002403
